Step,AgentID,Letters_sent,Letters_received
1,26,0,0
1,14,0,0
1,39,0,0
1,23,0,0
1,10,0,0
1,44,0,1
1,42,0,0
1,20,0,0
1,27,0,0
1,38,0,0
1,13,0,0
1,36,0,0
1,19,0,0
1,49,0,0
1,3,1,1
1,11,0,0
1,12,0,0
1,32,0,0
1,24,0,0
1,28,0,0
1,1,0,0
1,6,0,0
1,16,0,0
1,48,0,0
1,30,0,0
1,5,0,0
1,2,0,0
1,35,0,0
1,25,0,0
1,40,0,0
1,22,0,0
1,21,0,0
1,0,0,0
1,47,0,0
1,33,0,0
1,8,0,0
1,15,0,0
1,18,0,0
1,43,0,0
1,37,1,0
1,31,0,0
1,7,0,0
1,46,0,0
1,45,0,0
1,34,0,0
1,41,0,0
1,9,0,0
1,29,0,0
1,17,0,0
1,4,0,0
2,48,0,0
2,39,0,0
2,47,0,0
2,11,0,0
2,10,0,1
2,20,0,0
2,38,0,0
2,19,1,0
2,37,1,0
2,17,0,0
2,21,0,0
2,7,1,0
2,33,0,0
2,45,0,0
2,12,0,0
2,28,1,0
2,1,0,1
2,24,0,1
2,14,0,0
2,29,0,0
2,31,0,0
2,4,0,1
2,16,0,0
2,34,0,0
2,41,0,0
2,40,0,0
2,5,0,0
2,15,0,0
2,27,0,0
2,36,0,0
2,43,0,0
2,13,0,0
2,30,0,0
2,6,0,0
2,44,0,1
2,46,0,0
2,0,0,0
2,8,0,0
2,22,0,0
2,23,0,0
2,2,0,0
2,18,0,0
2,35,1,0
2,49,0,0
2,26,0,0
2,3,1,1
2,25,0,0
2,9,0,0
2,42,0,0
2,32,0,0
3,17,0,0
3,49,0,2
3,15,0,0
3,2,0,0
3,7,1,0
3,6,0,0
3,16,0,0
3,5,0,0
3,36,0,0
3,48,0,0
3,23,0,0
3,4,1,2
3,21,0,0
3,14,0,0
3,1,0,1
3,29,0,0
3,32,0,0
3,30,1,0
3,42,0,0
3,20,0,0
3,18,0,0
3,28,1,0
3,41,0,0
3,9,1,0
3,19,1,1
3,35,1,0
3,31,0,0
3,46,0,0
3,33,0,0
3,3,1,1
3,24,0,1
3,10,0,2
3,43,0,0
3,47,0,0
3,27,1,0
3,11,0,0
3,8,0,1
3,40,0,0
3,22,0,0
3,44,1,1
3,13,0,0
3,0,0,0
3,12,0,0
3,34,0,0
3,38,0,0
3,26,0,0
3,39,0,0
3,25,1,0
3,37,1,0
3,45,0,0
4,44,1,1
4,41,0,0
4,6,0,0
4,10,0,2
4,46,0,0
4,1,0,1
4,28,1,0
4,3,1,1
4,11,0,0
4,34,0,0
4,48,0,0
4,13,1,0
4,42,0,0
4,18,0,0
4,5,0,0
4,16,0,0
4,32,0,0
4,40,0,0
4,30,1,0
4,35,1,1
4,21,0,0
4,39,0,0
4,7,1,0
4,17,0,0
4,49,0,3
4,15,0,0
4,25,1,0
4,2,0,0
4,45,1,0
4,27,1,0
4,24,0,1
4,23,0,0
4,29,0,0
4,19,1,1
4,26,0,0
4,9,1,0
4,12,0,0
4,47,0,0
4,0,1,0
4,37,1,0
4,33,0,0
4,43,0,0
4,4,1,2
4,22,0,0
4,20,0,0
4,31,0,1
4,38,0,0
4,14,0,0
4,8,0,1
4,36,0,0
5,38,0,0
5,17,0,0
5,41,0,0
5,0,1,1
5,23,0,0
5,27,1,0
5,13,1,0
5,7,1,0
5,43,0,0
5,9,1,0
5,47,0,0
5,33,0,0
5,22,0,0
5,28,1,0
5,26,0,1
5,6,0,0
5,48,0,0
5,16,0,0
5,40,0,0
5,32,0,0
5,15,0,0
5,35,1,1
5,31,0,1
5,14,0,1
5,39,0,0
5,29,0,0
5,2,1,0
5,37,1,0
5,20,0,0
5,12,0,0
5,5,0,2
5,4,1,2
5,11,0,0
5,1,0,1
5,10,0,2
5,42,0,0
5,8,0,1
5,45,2,1
5,44,1,1
5,21,0,0
5,46,1,0
5,49,1,3
5,36,0,0
5,25,2,0
5,30,1,0
5,19,1,1
5,3,1,1
5,18,0,0
5,34,0,0
5,24,1,1
6,36,0,0
6,44,1,1
6,49,1,3
6,0,1,1
6,32,0,1
6,11,0,0
6,23,0,1
6,12,0,0
6,25,3,0
6,47,0,0
6,28,1,0
6,38,0,0
6,13,1,0
6,1,0,1
6,29,0,0
6,7,1,0
6,27,1,0
6,46,1,0
6,43,0,1
6,3,1,1
6,19,1,1
6,42,0,0
6,35,1,1
6,40,0,0
6,8,0,1
6,39,0,0
6,48,0,0
6,4,2,2
6,31,0,1
6,22,0,0
6,37,1,0
6,41,0,0
6,15,0,0
6,20,0,0
6,21,0,1
6,33,1,0
6,6,0,0
6,24,1,1
6,14,0,1
6,30,1,0
6,10,0,2
6,34,1,0
6,45,2,1
6,5,0,3
6,16,0,0
6,18,0,0
6,17,1,0
6,2,1,0
6,9,1,0
6,26,0,1
7,17,1,0
7,22,0,0
7,7,1,1
7,15,1,0
7,44,1,1
7,16,0,0
7,47,0,0
7,45,3,1
7,2,1,0
7,11,0,0
7,37,1,0
7,9,1,0
7,33,1,0
7,43,0,1
7,23,0,2
7,4,2,2
7,48,0,1
7,13,1,0
7,12,0,0
7,29,0,0
7,36,0,1
7,38,0,0
7,34,1,0
7,21,0,1
7,8,0,1
7,18,0,0
7,25,4,0
7,32,0,1
7,49,1,3
7,35,1,1
7,27,1,0
7,6,0,0
7,1,0,1
7,26,0,1
7,41,0,0
7,20,0,0
7,19,1,1
7,40,0,0
7,46,1,0
7,39,0,0
7,31,0,1
7,14,0,1
7,5,0,3
7,10,0,2
7,0,1,1
7,28,1,0
7,3,2,1
7,42,0,0
7,30,1,0
7,24,1,1
8,47,0,0
8,36,0,1
8,27,1,0
8,23,0,2
8,25,4,0
8,16,0,0
8,9,1,0
8,43,0,1
8,20,0,0
8,15,1,0
8,34,1,0
8,40,0,0
8,41,1,0
8,45,3,1
8,11,0,0
8,30,1,0
8,3,2,1
8,37,1,0
8,22,0,0
8,49,1,3
8,24,1,1
8,17,1,0
8,33,1,0
8,13,1,0
8,0,1,1
8,31,0,1
8,26,0,1
8,5,0,3
8,35,1,1
8,6,0,0
8,29,0,0
8,38,0,0
8,46,1,0
8,7,1,1
8,28,1,0
8,18,0,0
8,44,1,1
8,32,0,1
8,4,2,3
8,1,0,1
8,39,0,0
8,8,0,1
8,2,1,0
8,21,0,1
8,19,1,1
8,12,0,0
8,48,0,1
8,10,0,2
8,14,0,1
8,42,0,0
9,44,1,1
9,6,0,0
9,46,1,0
9,41,1,0
9,39,0,0
9,22,0,0
9,40,0,0
9,31,0,1
9,10,0,3
9,47,0,0
9,3,2,1
9,23,1,3
9,30,1,0
9,36,0,1
9,34,1,0
9,21,1,2
9,25,4,0
9,9,1,0
9,32,0,1
9,12,1,0
9,24,1,1
9,43,0,1
9,1,0,1
9,2,1,0
9,19,1,1
9,29,0,0
9,5,0,4
9,20,0,0
9,48,0,1
9,11,0,0
9,14,0,1
9,38,0,0
9,7,2,1
9,35,1,2
9,0,1,1
9,33,1,0
9,37,1,1
9,4,3,3
9,49,1,3
9,8,0,1
9,26,0,1
9,27,1,0
9,15,1,0
9,13,2,0
9,45,3,2
9,28,1,0
9,16,1,0
9,18,0,0
9,17,1,0
9,42,0,0
10,7,2,1
10,45,4,2
10,9,1,0
10,24,1,1
10,5,0,4
10,32,0,1
10,11,0,0
10,1,0,1
10,35,1,2
10,6,0,1
10,25,5,1
10,22,0,0
10,16,1,0
10,42,0,0
10,47,0,0
10,31,1,2
10,36,0,1
10,12,1,1
10,28,1,1
10,14,0,1
10,0,1,1
10,8,0,2
10,40,0,0
10,29,0,0
10,17,1,0
10,43,0,1
10,41,2,0
10,37,1,1
10,30,2,0
10,23,2,3
10,46,1,0
10,2,1,0
10,18,0,0
10,44,1,1
10,34,1,0
10,3,2,2
10,15,1,0
10,10,0,3
10,49,1,3
10,20,0,0
10,38,0,0
10,27,1,0
10,48,0,1
10,21,1,2
10,13,2,0
10,26,0,1
10,33,2,0
10,39,0,0
10,4,3,3
10,19,1,1
11,41,2,0
11,24,1,2
11,7,3,1
11,19,1,1
11,28,1,1
11,12,1,1
11,25,5,1
11,5,0,4
11,49,1,3
11,6,0,2
11,29,0,0
11,2,1,0
11,1,0,1
11,17,1,0
11,20,0,0
11,34,1,0
11,37,2,1
11,40,0,0
11,46,1,1
11,8,0,2
11,39,0,0
11,18,0,0
11,33,2,0
11,47,0,0
11,15,1,0
11,3,2,2
11,43,1,1
11,22,0,0
11,48,0,1
11,9,1,0
11,36,0,1
11,30,2,0
11,44,1,1
11,45,4,4
11,16,2,1
11,38,1,0
11,4,3,3
11,14,0,1
11,35,2,2
11,42,0,0
11,0,1,1
11,21,1,3
11,11,0,0
11,13,2,0
11,26,0,2
11,23,3,3
11,32,0,1
11,31,1,2
11,10,0,3
11,27,2,0
12,9,1,0
12,29,1,0
12,20,0,0
12,47,0,0
12,40,0,0
12,17,1,0
12,34,1,0
12,26,1,2
12,12,1,1
12,5,0,4
12,38,1,0
12,27,3,0
12,42,0,0
12,13,2,0
12,16,2,1
12,49,1,3
12,30,2,0
12,19,1,1
12,35,2,2
12,44,1,1
12,48,0,1
12,4,3,3
12,33,2,0
12,28,2,1
12,39,0,0
12,37,3,1
12,15,1,0
12,2,1,1
12,6,1,2
12,45,4,5
12,32,0,1
12,36,0,1
12,24,1,2
12,31,1,2
12,0,1,1
12,23,3,3
12,21,1,3
12,1,0,2
12,11,0,0
12,46,1,1
12,18,0,0
12,22,0,0
12,43,2,2
12,41,2,0
12,3,2,3
12,8,0,2
12,7,3,1
12,10,0,5
12,14,0,1
12,25,5,1
13,32,0,1
13,11,0,0
13,39,0,0
13,42,1,0
13,43,2,3
13,18,0,0
13,34,1,0
13,38,1,0
13,49,1,3
13,26,2,2
13,14,0,1
13,31,1,2
13,46,1,1
13,10,0,5
13,45,4,5
13,7,4,1
13,17,1,0
13,47,0,0
13,28,2,2
13,27,3,0
13,21,1,4
13,6,1,2
13,1,0,2
13,8,0,2
13,5,0,4
13,4,3,3
13,13,2,0
13,12,1,1
13,37,3,1
13,35,2,2
13,23,3,3
13,19,1,1
13,33,2,0
13,48,0,1
13,16,2,1
13,36,0,1
13,25,5,1
13,2,1,3
13,22,1,0
13,41,2,0
13,30,3,1
13,24,1,2
13,29,1,0
13,15,2,0
13,0,1,1
13,20,0,0
13,3,2,3
13,9,1,0
13,44,1,1
13,40,0,0
14,23,3,3
14,19,1,1
14,9,2,0
14,16,2,1
14,15,2,0
14,26,2,2
14,49,1,3
14,31,1,2
14,47,0,0
14,1,0,2
14,43,2,3
14,14,0,1
14,21,1,4
14,44,1,1
14,39,0,0
14,4,3,3
14,42,1,0
14,33,2,0
14,28,2,2
14,45,4,6
14,35,2,2
14,13,2,0
14,38,1,0
14,3,2,3
14,5,0,4
14,11,0,0
14,18,0,0
14,32,0,1
14,27,3,0
14,10,0,5
14,8,0,4
14,7,4,1
14,22,1,0
14,24,2,2
14,6,1,2
14,41,2,0
14,46,1,1
14,20,0,0
14,12,1,1
14,36,0,1
14,25,5,1
14,29,1,0
14,37,3,1
14,40,0,0
14,48,0,1
14,34,1,0
14,2,1,3
14,30,3,1
14,0,2,1
14,17,1,0
15,37,3,1
15,42,2,0
15,15,2,0
15,17,1,0
15,1,0,2
15,36,0,1
15,28,2,2
15,31,1,3
15,5,0,5
15,16,2,1
15,41,2,0
15,2,1,3
15,25,5,1
15,40,0,0
15,4,3,3
15,12,1,2
15,33,3,0
15,46,1,1
15,13,3,0
15,20,0,0
15,6,1,2
15,34,1,0
15,43,2,3
15,29,1,0
15,21,1,5
15,24,2,2
15,38,1,0
15,7,4,1
15,11,0,0
15,8,0,4
15,49,1,4
15,45,4,6
15,18,0,0
15,30,4,1
15,48,0,1
15,26,2,3
15,39,0,0
15,14,0,1
15,27,3,0
15,22,1,0
15,47,0,0
15,23,3,3
15,9,2,0
15,10,1,5
15,44,1,1
15,0,3,1
15,19,1,1
15,3,2,3
15,32,0,1
15,35,2,2
16,37,4,1
16,42,2,0
16,18,0,0
16,39,0,0
16,13,3,1
16,41,2,0
16,21,2,5
16,8,0,4
16,46,1,1
16,16,2,1
16,0,3,1
16,14,0,1
16,26,2,3
16,48,0,1
16,17,1,0
16,23,3,3
16,40,0,0
16,22,1,0
16,10,1,5
16,32,0,1
16,12,1,2
16,33,3,0
16,28,2,2
16,5,0,5
16,4,3,3
16,29,1,0
16,43,2,3
16,7,5,1
16,45,4,6
16,47,0,0
16,6,1,2
16,44,1,1
16,9,2,0
16,35,3,3
16,25,6,1
16,11,0,0
16,30,4,1
16,20,0,0
16,24,2,2
16,38,1,0
16,15,2,0
16,19,1,1
16,31,1,4
16,27,3,1
16,3,2,3
16,2,1,3
16,1,0,2
16,34,1,0
16,36,0,1
16,49,1,5
17,45,4,6
17,14,0,1
17,44,1,1
17,15,2,1
17,34,1,0
17,31,1,4
17,10,1,5
17,41,2,0
17,3,2,3
17,37,4,1
17,11,0,0
17,16,2,1
17,25,7,1
17,8,0,4
17,20,0,0
17,6,1,2
17,23,3,3
17,12,1,2
17,49,1,5
17,0,3,1
17,5,0,5
17,40,0,0
17,22,1,0
17,33,3,0
17,30,5,1
17,43,2,3
17,29,1,0
17,2,1,3
17,42,2,0
17,32,0,1
17,13,3,2
17,36,0,1
17,9,2,0
17,18,0,0
17,24,2,2
17,46,1,1
17,7,5,2
17,48,0,1
17,38,1,0
17,47,0,0
17,28,2,2
17,4,3,3
17,26,2,3
17,21,2,5
17,19,1,1
17,35,3,3
17,39,0,0
17,17,1,0
17,1,1,2
17,27,3,1
18,10,1,5
18,19,1,1
18,9,2,0
18,48,0,1
18,22,1,0
18,18,0,0
18,12,1,2
18,40,0,0
18,6,1,2
18,7,5,2
18,31,2,4
18,14,0,1
18,49,1,5
18,26,2,3
18,38,1,0
18,20,1,0
18,36,0,1
18,33,3,0
18,15,2,1
18,17,1,0
18,3,2,4
18,1,1,2
18,30,5,1
18,44,1,1
18,8,0,4
18,47,0,0
18,4,3,3
18,2,1,3
18,5,0,5
18,41,2,0
18,34,1,1
18,39,1,0
18,32,0,1
18,21,3,5
18,45,4,6
18,24,2,2
18,42,2,0
18,43,2,3
18,0,3,1
18,16,2,2
18,11,0,0
18,35,3,4
18,28,2,3
18,46,1,1
18,25,7,1
18,23,4,3
18,27,3,1
18,13,3,2
18,37,4,1
18,29,1,0
19,3,2,4
19,6,1,2
19,0,3,1
19,30,5,1
19,18,0,0
19,22,1,0
19,5,0,5
19,43,2,3
19,31,2,4
19,45,4,6
19,28,2,3
19,26,2,3
19,19,1,1
19,29,1,0
19,17,1,0
19,42,2,0
19,49,1,5
19,1,1,2
19,10,2,5
19,40,0,0
19,16,2,2
19,2,1,3
19,8,0,4
19,11,0,0
19,13,3,2
19,15,2,1
19,4,3,3
19,7,5,2
19,41,2,0
19,46,1,1
19,36,0,1
19,37,4,1
19,9,2,0
19,47,0,0
19,32,0,1
19,34,1,1
19,20,1,0
19,27,3,1
19,48,0,1
19,12,1,2
19,24,2,2
19,21,3,5
19,14,0,1
19,35,3,4
19,44,1,1
19,39,1,0
19,33,3,0
19,23,4,4
19,38,1,0
19,25,7,1
20,44,1,2
20,40,0,1
20,14,0,1
20,48,0,1
20,37,4,1
20,15,2,1
20,21,4,5
20,45,4,6
20,22,1,0
20,25,8,1
20,8,0,4
20,31,2,4
20,42,2,0
20,32,0,1
20,26,2,3
20,38,2,0
20,3,2,4
20,43,2,3
20,47,0,0
20,16,2,2
20,49,1,5
20,34,1,1
20,35,3,4
20,29,1,0
20,0,3,1
20,39,1,0
20,6,1,3
20,1,1,3
20,24,2,2
20,10,2,5
20,13,3,2
20,27,3,1
20,9,2,0
20,7,5,2
20,41,2,0
20,19,1,1
20,2,1,3
20,20,2,0
20,18,0,0
20,36,0,1
20,33,3,0
20,30,5,1
20,46,1,1
20,11,0,0
20,12,1,2
20,23,4,4
20,17,1,0
20,28,2,3
20,4,3,3
20,5,0,5
21,16,2,2
21,28,3,3
21,17,1,0
21,42,2,0
21,9,2,0
21,1,1,3
21,21,4,5
21,43,2,3
21,35,4,4
21,25,8,2
21,44,1,2
21,14,0,1
21,20,2,1
21,40,0,1
21,48,0,2
21,33,3,0
21,11,0,0
21,31,2,4
21,38,3,0
21,8,0,4
21,34,1,1
21,30,5,1
21,5,0,5
21,41,2,0
21,37,4,1
21,12,1,2
21,6,1,3
21,18,0,0
21,0,3,1
21,47,0,0
21,24,2,2
21,46,1,1
21,22,1,0
21,10,2,5
21,15,2,1
21,29,1,0
21,36,0,2
21,49,1,5
21,4,3,3
21,39,1,0
21,13,3,2
21,26,2,3
21,19,1,1
21,32,0,1
21,3,3,4
21,7,5,2
21,45,4,6
21,27,3,1
21,2,1,3
21,23,4,4
22,13,3,2
22,1,1,3
22,21,4,5
22,46,1,2
22,9,2,1
22,5,0,5
22,35,4,4
22,0,3,1
22,40,0,1
22,8,0,4
22,10,2,6
22,29,1,0
22,31,2,4
22,45,5,6
22,23,4,4
22,39,2,0
22,44,1,2
22,36,0,2
22,17,1,0
22,12,1,2
22,7,5,2
22,15,3,1
22,22,1,0
22,47,0,0
22,28,3,4
22,34,2,2
22,2,1,3
22,43,2,3
22,26,2,3
22,25,8,2
22,20,2,1
22,27,3,1
22,18,0,0
22,6,1,3
22,48,0,2
22,30,5,1
22,33,3,0
22,41,2,0
22,14,0,1
22,4,4,3
22,16,2,2
22,42,2,0
22,37,4,1
22,19,1,1
22,32,0,2
22,11,0,0
22,3,3,4
22,49,2,5
22,24,2,2
22,38,3,0
23,13,3,2
23,6,1,3
23,39,3,0
23,38,3,1
23,20,2,1
23,7,5,2
23,14,0,1
23,4,4,3
23,43,2,3
23,37,4,1
23,27,4,1
23,28,3,4
23,33,3,0
23,23,4,4
23,25,8,2
23,5,0,5
23,40,0,2
23,0,3,1
23,41,2,0
23,42,2,0
23,21,4,5
23,16,2,3
23,26,2,3
23,44,1,3
23,17,1,0
23,30,5,1
23,34,2,2
23,18,0,0
23,3,3,4
23,49,2,5
23,29,1,0
23,35,4,5
23,11,0,0
23,22,1,0
23,32,0,2
23,19,1,1
23,10,2,6
23,36,0,2
23,46,2,2
23,1,1,3
23,48,0,2
23,2,1,3
23,47,0,0
23,24,3,2
23,8,1,4
23,31,2,4
23,15,3,1
23,9,2,2
23,12,2,2
23,45,5,6
24,14,0,1
24,36,0,2
24,30,5,1
24,46,2,2
24,34,2,3
24,2,1,3
24,27,4,1
24,18,0,1
24,28,3,4
24,40,0,2
24,19,2,1
24,1,1,3
24,22,1,0
24,4,4,3
24,47,1,1
24,29,1,0
24,23,4,4
24,33,4,1
24,48,0,2
24,39,3,0
24,7,5,3
24,11,0,0
24,42,2,0
24,6,1,4
24,25,8,2
24,8,1,4
24,9,2,2
24,13,3,3
24,15,4,1
24,37,5,1
24,44,1,3
24,49,3,6
24,17,1,0
24,43,2,3
24,10,3,6
24,41,2,1
24,31,2,4
24,16,3,3
24,24,4,2
24,38,3,1
24,21,4,5
24,45,5,6
24,5,0,5
24,35,4,6
24,26,2,3
24,20,2,1
24,0,4,1
24,3,3,4
24,12,2,2
24,32,0,2
25,5,0,5
25,43,2,3
25,6,1,4
25,38,3,2
25,4,4,3
25,34,2,3
25,21,5,5
25,7,5,3
25,33,5,1
25,17,1,0
25,3,3,5
25,46,2,3
25,10,3,6
25,1,1,3
25,27,4,1
25,14,0,1
25,0,4,2
25,2,2,3
25,32,0,2
25,35,5,7
25,25,9,2
25,41,3,1
25,44,2,4
25,39,4,0
25,30,5,1
25,19,2,1
25,26,2,3
25,22,1,0
25,42,2,1
25,12,2,2
25,24,4,2
25,40,0,2
25,28,3,4
25,45,5,6
25,36,0,3
25,16,3,3
25,48,0,2
25,18,0,1
25,20,2,1
25,8,1,4
25,9,2,2
25,29,1,0
25,11,0,0
25,31,2,4
25,49,3,6
25,37,5,1
25,23,4,4
25,47,1,1
25,15,4,1
25,13,3,3
26,33,5,1
26,6,1,4
26,48,0,2
26,24,4,2
26,27,4,1
26,28,3,4
26,31,2,4
26,7,6,3
26,36,0,4
26,42,2,1
26,14,0,1
26,25,9,2
26,45,5,6
26,21,5,5
26,12,2,2
26,39,4,0
26,38,3,2
26,26,2,3
26,46,2,3
26,37,5,1
26,20,2,1
26,13,3,3
26,1,1,3
26,16,3,4
26,10,3,6
26,30,6,1
26,0,4,3
26,35,5,7
26,17,1,0
26,9,2,2
26,4,4,3
26,43,2,3
26,19,2,1
26,44,2,4
26,49,3,6
26,23,4,4
26,2,2,3
26,32,0,3
26,41,3,1
26,18,0,1
26,3,3,5
26,8,1,4
26,40,0,2
26,29,1,0
26,47,2,1
26,22,1,0
26,15,4,1
26,34,3,3
26,11,0,0
26,5,0,5
27,33,6,2
27,3,3,5
27,48,0,2
27,47,2,1
27,4,4,3
27,21,5,5
27,24,4,2
27,0,5,3
27,16,3,4
27,2,2,4
27,20,2,1
27,6,1,4
27,49,3,6
27,32,0,3
27,17,1,0
27,14,0,1
27,15,4,1
27,40,0,4
27,10,3,6
27,12,3,2
27,22,1,0
27,1,1,4
27,7,6,3
27,43,3,3
27,36,0,4
27,13,3,3
27,42,2,1
27,44,2,4
27,23,5,4
27,38,3,2
27,31,2,4
27,18,0,1
27,11,0,0
27,41,3,3
27,29,1,0
27,46,2,3
27,28,3,4
27,8,1,4
27,34,3,3
27,37,5,1
27,25,9,2
27,35,6,7
27,39,5,0
27,45,6,6
27,19,2,1
27,30,6,1
27,27,4,1
27,9,2,2
27,5,0,6
27,26,2,3
28,32,0,3
28,42,2,1
28,35,6,7
28,2,2,5
28,48,0,2
28,21,5,5
28,17,1,0
28,26,2,3
28,16,3,4
28,46,2,3
28,6,1,4
28,24,4,2
28,22,1,0
28,47,2,1
28,33,6,2
28,9,2,2
28,20,2,1
28,40,0,4
28,13,3,3
28,29,1,1
28,27,4,2
28,41,3,3
28,39,6,0
28,14,1,1
28,43,3,3
28,4,4,3
28,0,5,3
28,23,5,4
28,5,1,6
28,19,3,1
28,28,3,4
28,1,1,4
28,8,1,4
28,38,3,2
28,44,2,4
28,45,6,6
28,15,4,2
28,3,4,6
28,18,0,1
28,34,3,3
28,11,0,0
28,37,5,1
28,7,7,3
28,36,0,4
28,12,3,2
28,30,6,1
28,10,3,6
28,49,3,7
28,31,2,4
28,25,9,2
29,17,1,1
29,25,9,2
29,10,3,6
29,43,3,3
29,19,3,1
29,38,3,2
29,35,6,7
29,23,5,4
29,39,6,1
29,45,6,6
29,2,2,5
29,34,3,3
29,11,0,0
29,5,1,6
29,16,3,4
29,48,0,2
29,13,4,3
29,3,4,6
29,27,4,2
29,12,3,2
29,14,2,1
29,44,3,4
29,32,0,3
29,1,1,4
29,31,3,4
29,6,1,4
29,26,2,3
29,36,0,4
29,30,6,2
29,22,1,0
29,42,2,2
29,49,3,7
29,18,0,1
29,47,2,1
29,4,4,3
29,20,2,1
29,46,2,3
29,9,2,2
29,29,1,1
29,40,1,4
29,33,7,2
29,21,5,5
29,24,4,2
29,28,3,4
29,8,1,4
29,41,3,3
29,37,5,2
29,7,7,4
29,0,5,3
29,15,4,2
30,35,6,8
30,7,7,4
30,16,3,4
30,47,2,1
30,34,3,3
30,44,3,4
30,36,0,5
30,49,3,7
30,26,2,3
30,1,1,4
30,20,2,1
30,2,2,5
30,43,3,3
30,5,1,6
30,8,1,4
30,33,7,2
30,22,1,0
30,38,3,2
30,28,3,4
30,21,5,5
30,37,5,2
30,27,4,2
30,0,5,3
30,46,2,3
30,45,6,6
30,41,3,3
30,40,1,4
30,6,1,4
30,31,4,4
30,30,6,2
30,32,0,3
30,11,0,0
30,18,0,1
30,24,4,2
30,14,3,1
30,19,3,1
30,3,4,6
30,48,0,2
30,29,1,1
30,10,3,6
30,39,6,1
30,17,1,1
30,9,2,2
30,15,4,2
30,25,9,2
30,23,5,4
30,4,4,3
30,13,4,3
30,12,3,2
30,42,2,2
31,34,3,3
31,46,2,3
31,21,5,7
31,8,1,4
31,6,1,4
31,47,2,1
31,25,9,2
31,40,1,4
31,14,3,1
31,0,5,3
31,1,2,5
31,18,0,1
31,36,0,5
31,13,4,4
31,32,0,3
31,15,4,2
31,19,3,1
31,31,5,4
31,7,7,4
31,37,5,2
31,26,2,3
31,5,1,6
31,22,1,0
31,23,5,4
31,2,2,5
31,4,4,3
31,35,6,8
31,17,1,1
31,41,3,3
31,28,3,4
31,16,3,4
31,9,2,2
31,20,3,1
31,3,4,6
31,30,6,2
31,43,3,3
31,39,6,1
31,44,3,4
31,38,3,2
31,12,3,2
31,33,7,2
31,10,3,6
31,45,6,6
31,49,3,7
31,11,0,0
31,24,4,2
31,27,4,2
31,29,1,1
31,42,2,2
31,48,1,2
32,30,6,3
32,31,5,5
32,22,1,1
32,49,3,7
32,38,3,2
32,41,3,3
32,21,5,7
32,8,1,4
32,46,2,3
32,0,5,3
32,36,0,5
32,5,1,6
32,40,1,4
32,39,6,1
32,23,5,5
32,28,3,4
32,34,3,3
32,45,6,7
32,44,3,4
32,17,2,1
32,16,4,4
32,26,2,3
32,13,4,4
32,25,9,2
32,33,7,2
32,14,4,1
32,32,0,3
32,3,4,7
32,15,4,2
32,4,4,3
32,43,3,3
32,24,4,2
32,11,0,0
32,18,0,1
32,29,2,1
32,37,5,2
32,12,3,2
32,9,3,2
32,48,2,2
32,19,3,1
32,27,4,2
32,2,2,5
32,1,2,5
32,47,2,1
32,7,8,4
32,35,6,9
32,42,2,2
32,6,1,5
32,20,4,1
32,10,3,6
33,37,5,2
33,16,4,4
33,41,3,3
33,40,1,4
33,26,2,3
33,9,3,2
33,47,2,1
33,18,0,1
33,2,2,5
33,46,2,3
33,43,3,3
33,7,8,4
33,28,3,4
33,1,3,5
33,11,0,0
33,4,4,3
33,33,7,2
33,10,3,6
33,0,5,3
33,36,0,6
33,48,2,2
33,35,6,9
33,13,4,4
33,31,5,5
33,27,4,2
33,34,3,3
33,39,6,1
33,14,4,2
33,8,1,4
33,12,3,2
33,32,0,3
33,23,5,5
33,45,6,7
33,29,2,1
33,44,3,4
33,22,1,1
33,38,4,2
33,15,4,2
33,19,3,1
33,6,1,5
33,20,4,2
33,49,3,7
33,30,6,3
33,3,4,7
33,24,4,2
33,5,1,6
33,21,5,7
33,42,2,2
33,25,10,2
33,17,2,1
34,7,8,4
34,34,3,3
34,31,5,5
34,19,3,1
34,10,3,6
34,44,3,4
34,35,6,9
34,46,2,3
34,13,4,4
34,30,6,3
34,3,4,7
34,12,3,2
34,20,4,2
34,8,1,4
34,47,2,1
34,14,4,3
34,33,7,2
34,18,0,1
34,24,4,2
34,48,2,2
34,4,4,3
34,15,4,2
34,0,5,3
34,36,0,6
34,22,2,1
34,9,3,2
34,45,6,7
34,16,4,4
34,21,6,7
34,2,2,6
34,32,0,3
34,42,2,2
34,6,1,5
34,27,4,2
34,1,3,5
34,38,4,2
34,39,6,1
34,28,3,4
34,37,5,2
34,25,10,2
34,23,5,5
34,41,3,3
34,11,0,0
34,5,1,6
34,29,2,1
34,17,2,1
34,49,3,7
34,40,2,5
34,26,2,3
34,43,3,3
35,31,5,6
35,35,6,9
35,3,4,7
35,39,6,1
35,4,5,3
35,6,1,5
35,11,0,0
35,37,5,2
35,42,2,2
35,25,10,2
35,47,2,1
35,41,3,3
35,43,3,3
35,20,4,2
35,33,8,2
35,1,3,5
35,40,2,5
35,9,3,2
35,18,0,1
35,36,0,6
35,49,3,7
35,5,1,6
35,24,4,2
35,16,4,4
35,17,2,1
35,15,4,2
35,28,3,5
35,27,4,2
35,26,2,3
35,0,5,3
35,23,6,5
35,14,4,3
35,10,3,6
35,12,3,2
35,30,6,3
35,32,0,3
35,19,3,1
35,22,2,2
35,13,4,4
35,29,2,1
35,7,8,4
35,2,2,6
35,46,2,3
35,8,1,4
35,21,6,7
35,45,6,7
35,48,2,2
35,34,3,3
35,44,3,4
35,38,4,2
36,33,8,2
36,32,0,3
36,1,3,5
36,11,0,0
36,31,5,6
36,46,2,3
36,28,4,5
36,2,2,6
36,48,2,2
36,36,0,7
36,20,4,2
36,21,6,7
36,18,0,1
36,40,2,5
36,37,5,2
36,30,6,3
36,3,4,7
36,49,3,7
36,29,3,1
36,43,3,3
36,5,1,6
36,16,4,4
36,47,2,1
36,26,3,3
36,22,2,2
36,41,3,3
36,35,6,9
36,4,5,3
36,34,3,3
36,14,4,3
36,27,4,2
36,13,4,4
36,8,1,4
36,17,2,1
36,7,8,4
36,39,6,1
36,44,3,4
36,38,4,2
36,24,4,2
36,6,1,5
36,10,3,7
36,25,10,2
36,9,3,2
36,45,6,7
36,23,6,5
36,15,4,2
36,12,3,2
36,0,5,3
36,42,2,2
36,19,3,2
37,26,3,3
37,12,4,2
37,36,0,7
37,7,8,4
37,45,7,7
37,11,0,0
37,1,3,5
37,32,0,3
37,37,5,2
37,30,7,3
37,35,6,9
37,19,3,2
37,18,0,1
37,6,1,5
37,23,6,5
37,29,3,1
37,15,4,2
37,27,4,2
37,9,3,2
37,21,6,8
37,33,8,2
37,38,4,2
37,31,5,6
37,4,5,3
37,2,2,6
37,24,4,2
37,25,11,2
37,10,3,7
37,42,2,2
37,0,5,3
37,17,2,1
37,20,4,3
37,16,4,4
37,49,3,8
37,5,1,6
37,28,4,5
37,14,4,3
37,41,3,3
37,34,3,3
37,3,4,7
37,47,2,1
37,48,2,3
37,39,6,1
37,8,1,4
37,40,2,5
37,43,3,3
37,22,2,2
37,44,3,4
37,13,4,4
37,46,2,3
38,27,4,2
38,21,6,8
38,10,3,7
38,6,1,5
38,26,3,3
38,28,4,5
38,1,3,5
38,11,0,0
38,37,5,2
38,24,5,2
38,16,5,4
38,23,6,7
38,25,11,2
38,14,4,3
38,12,4,2
38,19,3,2
38,40,2,5
38,32,0,3
38,9,4,2
38,8,1,4
38,0,5,3
38,20,4,3
38,41,3,3
38,47,2,1
38,39,6,2
38,17,2,1
38,38,4,2
38,35,6,9
38,48,3,3
38,4,5,3
38,2,2,6
38,22,2,2
38,3,4,7
38,15,4,2
38,46,2,3
38,13,4,4
38,42,2,2
38,44,3,4
38,30,7,3
38,45,7,7
38,5,1,6
38,49,3,8
38,29,3,2
38,43,3,3
38,33,8,2
38,34,3,3
38,7,8,4
38,36,0,7
38,18,0,1
38,31,5,6
39,19,3,2
39,14,4,3
39,44,3,4
39,28,4,5
39,24,6,2
39,46,2,3
39,25,11,2
39,48,3,3
39,34,3,3
39,5,2,6
39,30,8,3
39,42,2,2
39,29,3,2
39,21,6,8
39,12,4,2
39,43,3,3
39,38,4,2
39,3,4,7
39,22,2,2
39,36,0,7
39,23,6,7
39,40,2,5
39,39,6,2
39,26,3,3
39,2,2,6
39,6,1,5
39,37,5,2
39,18,0,1
39,20,4,3
39,31,5,6
39,9,4,3
39,11,0,1
39,16,5,4
39,41,3,3
39,13,4,4
39,32,0,3
39,17,2,1
39,33,8,2
39,49,3,8
39,8,1,4
39,35,6,9
39,7,8,4
39,10,3,7
39,0,5,4
39,45,8,7
39,4,5,3
39,27,4,2
39,15,4,3
39,47,2,1
39,1,3,5
40,21,6,8
40,48,3,3
40,3,4,7
40,24,6,2
40,7,8,4
40,27,4,2
40,26,3,3
40,38,4,2
40,8,1,4
40,18,0,1
40,43,3,3
40,32,0,3
40,49,3,8
40,34,3,3
40,35,6,9
40,36,0,7
40,14,4,4
40,39,6,2
40,19,4,2
40,41,3,3
40,47,2,2
40,4,5,3
40,11,0,1
40,17,2,1
40,16,5,4
40,25,11,2
40,45,8,7
40,29,3,2
40,33,8,2
40,28,5,5
40,22,2,2
40,9,4,3
40,23,6,7
40,13,4,4
40,5,2,6
40,2,2,6
40,31,5,6
40,12,4,2
40,6,1,5
40,37,5,2
40,10,3,7
40,44,3,4
40,46,2,3
40,0,5,4
40,40,2,5
40,30,8,3
40,20,4,3
40,42,2,2
40,1,3,5
40,15,4,3
41,47,2,2
41,1,3,5
41,3,4,7
41,32,1,3
41,7,9,4
41,37,5,2
41,45,8,7
41,46,2,3
41,0,5,4
41,11,0,1
41,35,6,9
41,43,3,3
41,13,4,4
41,6,1,5
41,14,5,4
41,21,6,8
41,42,2,2
41,24,6,2
41,23,6,7
41,38,4,3
41,39,6,2
41,19,4,2
41,26,3,3
41,34,3,3
41,15,4,3
41,31,5,6
41,27,4,2
41,18,0,1
41,5,2,7
41,25,11,2
41,49,4,8
41,16,5,4
41,8,1,4
41,33,8,2
41,2,2,6
41,22,2,2
41,48,3,3
41,10,3,7
41,9,4,4
41,12,4,2
41,30,8,3
41,17,2,1
41,44,3,4
41,40,2,5
41,4,5,3
41,36,0,7
41,41,3,4
41,29,3,2
41,20,4,3
41,28,5,5
42,40,2,5
42,36,0,7
42,2,2,6
42,18,0,1
42,24,6,2
42,22,2,2
42,27,4,3
42,44,3,4
42,5,2,7
42,21,6,8
42,4,5,3
42,23,6,7
42,15,4,3
42,45,8,7
42,43,3,3
42,31,5,6
42,7,9,4
42,42,2,2
42,49,4,8
42,26,3,3
42,20,4,3
42,0,5,4
42,13,4,4
42,8,1,5
42,28,5,5
42,30,8,3
42,10,3,7
42,25,11,2
42,34,3,3
42,12,4,2
42,6,1,5
42,19,4,2
42,41,3,4
42,48,3,3
42,46,2,3
42,17,2,1
42,47,2,2
42,11,0,1
42,32,1,3
42,9,4,4
42,39,6,3
42,29,3,2
42,3,4,7
42,38,4,3
42,33,9,2
42,16,5,4
42,37,6,2
42,14,6,4
42,35,6,9
42,1,3,5
43,24,6,2
43,1,3,5
43,25,11,2
43,9,4,4
43,48,3,3
43,49,4,8
43,12,4,2
43,41,3,4
43,37,6,2
43,3,4,7
43,22,2,2
43,46,2,3
43,44,3,4
43,36,0,7
43,13,4,4
43,29,3,2
43,11,0,1
43,7,9,4
43,38,4,3
43,30,8,3
43,42,2,2
43,0,5,4
43,28,5,5
43,47,2,2
43,10,3,8
43,15,4,3
43,19,4,2
43,33,10,2
43,34,4,3
43,4,5,3
43,18,0,1
43,21,6,8
43,45,8,7
43,8,1,5
43,17,2,1
43,35,6,9
43,6,1,5
43,5,2,7
43,26,3,3
43,16,5,4
43,43,3,3
43,39,6,3
43,23,6,7
43,40,2,6
43,2,2,6
43,31,5,6
43,32,1,3
43,14,6,4
43,27,4,3
43,20,4,3
44,13,4,4
44,25,11,2
44,4,5,3
44,34,4,3
44,32,1,3
44,27,4,3
44,30,8,3
44,22,2,2
44,28,5,5
44,6,1,6
44,8,1,5
44,49,4,9
44,29,3,2
44,19,4,2
44,23,6,7
44,12,4,2
44,35,6,9
44,31,5,6
44,38,4,3
44,39,7,3
44,41,3,4
44,0,5,4
44,43,3,3
44,42,2,2
44,44,3,4
44,37,6,2
44,3,5,7
44,7,9,5
44,26,3,3
44,16,5,4
44,18,0,1
44,47,3,2
44,46,2,3
44,11,0,1
44,40,2,6
44,48,3,3
44,20,4,3
44,45,8,7
44,5,2,7
44,2,2,6
44,33,10,2
44,36,0,7
44,21,6,8
44,1,3,5
44,15,4,3
44,10,3,8
44,9,5,4
44,14,6,4
44,24,6,2
44,17,2,2
45,38,4,3
45,24,6,2
45,27,4,4
45,1,4,5
45,4,5,3
45,44,3,4
45,12,4,2
45,15,4,3
45,46,2,3
45,14,6,4
45,41,3,4
45,33,10,2
45,47,3,2
45,22,2,2
45,48,3,3
45,2,2,6
45,6,1,6
45,19,4,2
45,25,11,3
45,40,2,6
45,10,3,8
45,34,4,3
45,0,5,4
45,26,3,3
45,45,8,7
45,43,3,3
45,9,6,4
45,30,8,3
45,16,5,4
45,35,6,9
45,17,2,2
45,5,2,7
45,31,5,6
45,28,5,5
45,37,6,2
45,23,6,8
45,7,9,6
45,36,0,7
45,3,5,7
45,29,3,2
45,32,1,3
45,21,6,8
45,8,1,5
45,13,4,4
45,11,0,1
45,49,4,9
45,39,8,3
45,20,4,3
45,18,0,1
45,42,3,2
46,49,4,9
46,10,3,8
46,2,2,6
46,34,4,3
46,17,2,2
46,11,0,1
46,47,3,2
46,1,4,5
46,3,5,7
46,30,8,3
46,36,0,7
46,29,3,2
46,6,1,6
46,13,4,4
46,46,2,3
46,35,7,9
46,45,8,7
46,9,6,4
46,22,2,2
46,23,6,8
46,44,3,4
46,39,8,3
46,38,4,3
46,27,4,4
46,28,5,5
46,20,5,3
46,15,4,3
46,7,9,6
46,18,0,2
46,14,6,4
46,40,2,6
46,0,5,4
46,24,6,2
46,31,5,6
46,8,1,5
46,32,1,3
46,5,2,7
46,12,4,2
46,21,6,9
46,19,4,2
46,16,5,4
46,4,5,3
46,26,3,3
46,42,3,2
46,48,3,3
46,25,11,3
46,33,10,2
46,43,3,3
46,41,3,4
46,37,6,2
47,0,5,4
47,14,6,4
47,7,9,6
47,41,3,4
47,32,1,3
47,15,4,3
47,33,11,2
47,23,6,9
47,8,1,5
47,34,4,3
47,9,6,4
47,16,5,4
47,26,3,3
47,20,5,3
47,38,4,3
47,2,2,6
47,35,7,9
47,42,3,2
47,30,8,3
47,25,11,3
47,29,3,2
47,27,4,4
47,21,6,9
47,49,4,9
47,3,5,7
47,28,5,5
47,48,3,3
47,19,4,2
47,6,1,6
47,44,3,4
47,11,0,1
47,24,6,3
47,45,8,7
47,1,4,5
47,43,3,3
47,46,2,3
47,5,2,7
47,17,2,2
47,39,8,3
47,37,6,2
47,18,1,2
47,36,0,7
47,31,5,6
47,10,3,8
47,12,4,2
47,47,3,2
47,4,5,3
47,22,2,2
47,40,2,6
47,13,4,4
48,32,1,3
48,47,3,4
48,5,2,7
48,14,6,4
48,2,2,6
48,31,5,6
48,6,1,6
48,20,5,3
48,26,3,3
48,35,7,9
48,18,1,3
48,38,4,3
48,48,3,3
48,46,2,3
48,49,4,9
48,30,8,3
48,28,5,5
48,45,8,7
48,39,8,3
48,17,2,2
48,4,5,3
48,12,4,2
48,11,0,1
48,33,11,2
48,10,3,8
48,36,0,7
48,27,4,4
48,3,5,7
48,40,2,6
48,21,6,9
48,22,2,2
48,1,4,5
48,24,6,3
48,13,4,4
48,7,9,6
48,42,3,2
48,19,5,2
48,44,3,4
48,9,6,4
48,34,4,3
48,41,3,4
48,43,3,3
48,25,11,3
48,29,3,2
48,16,6,4
48,8,1,5
48,23,6,9
48,15,5,3
48,37,6,2
48,0,5,4
49,16,6,4
49,42,3,2
49,39,8,3
49,31,5,6
49,43,3,3
49,7,9,6
49,12,4,2
49,4,5,3
49,28,5,5
49,47,3,4
49,29,3,3
49,5,2,7
49,6,1,6
49,20,5,3
49,11,1,1
49,32,1,3
49,1,4,5
49,44,3,4
49,36,0,7
49,10,3,8
49,3,5,7
49,21,6,9
49,26,3,3
49,9,6,4
49,0,5,4
49,8,1,5
49,45,8,7
49,27,4,4
49,34,4,3
49,35,7,9
49,37,6,2
49,24,6,3
49,33,11,2
49,30,8,3
49,13,4,4
49,38,4,3
49,14,6,4
49,46,2,3
49,15,5,3
49,40,2,6
49,41,3,4
49,18,1,3
49,25,11,3
49,22,2,2
49,23,7,9
49,48,3,3
49,49,4,9
49,17,2,2
49,19,5,3
49,2,2,6
50,0,5,4
50,19,5,3
50,18,1,3
50,16,7,4
50,47,3,4
50,32,1,3
50,12,4,2
50,33,11,2
50,1,4,6
50,36,0,8
50,11,1,1
50,17,2,2
50,8,1,6
50,9,7,5
50,26,4,3
50,41,3,4
50,23,7,9
50,21,6,10
50,46,2,3
50,40,3,6
50,31,5,6
50,15,5,3
50,5,2,7
50,48,3,3
50,22,2,2
50,20,5,3
50,30,8,3
50,4,5,3
50,39,8,3
50,34,4,3
50,10,3,8
50,45,8,7
50,43,3,3
50,13,4,4
50,28,5,5
50,49,4,9
50,7,9,6
50,38,4,3
50,2,2,6
50,42,3,2
50,27,4,4
50,6,1,6
50,14,6,4
50,37,6,2
50,25,12,3
50,24,6,3
50,35,7,9
50,3,5,7
50,44,3,4
50,29,3,3
51,1,4,6
51,22,2,2
51,36,0,8
51,30,8,3
51,9,7,5
51,45,8,8
51,17,2,2
51,19,5,3
51,0,5,4
51,14,6,4
51,15,5,3
51,10,3,8
51,48,3,3
51,46,2,3
51,11,1,1
51,4,5,3
51,41,3,4
51,28,6,5
51,38,4,4
51,31,5,6
51,32,1,3
51,37,6,2
51,43,3,3
51,2,2,6
51,25,12,3
51,39,8,3
51,21,6,10
51,16,7,4
51,40,3,6
51,49,4,9
51,33,12,2
51,23,7,9
51,5,2,7
51,47,3,4
51,42,3,2
51,18,1,3
51,44,3,4
51,27,4,4
51,8,1,6
51,12,4,2
51,7,9,6
51,34,4,3
51,29,3,3
51,3,5,7
51,20,5,3
51,26,4,3
51,24,6,3
51,6,1,6
51,35,7,9
51,13,4,4
52,42,3,2
52,33,12,2
52,39,9,3
52,0,5,4
52,4,5,3
52,47,3,4
52,2,2,6
52,13,4,4
52,20,5,4
52,3,5,7
52,31,5,7
52,18,1,3
52,19,5,3
52,34,4,3
52,48,3,3
52,5,2,7
52,30,8,3
52,49,4,9
52,45,8,8
52,37,6,2
52,26,4,3
52,15,5,3
52,46,2,3
52,17,2,2
52,24,6,3
52,27,4,4
52,40,3,6
52,22,2,2
52,41,3,4
52,35,7,9
52,1,4,6
52,11,1,1
52,8,1,6
52,23,7,9
52,21,6,10
52,29,3,3
52,9,8,5
52,44,3,4
52,38,4,4
52,16,7,4
52,32,1,3
52,6,1,6
52,7,9,6
52,10,3,8
52,25,12,3
52,43,3,3
52,12,4,2
52,28,6,5
52,14,6,4
52,36,0,8
53,17,2,2
53,19,5,3
53,34,4,3
53,39,10,3
53,49,4,9
53,31,5,9
53,25,12,4
53,22,2,2
53,48,4,3
53,6,1,6
53,38,4,4
53,36,0,8
53,26,4,3
53,15,5,3
53,20,5,4
53,23,7,9
53,5,2,7
53,35,7,9
53,41,3,5
53,24,6,3
53,12,4,3
53,28,6,5
53,42,3,2
53,4,5,3
53,21,6,10
53,11,1,1
53,3,5,7
53,44,3,4
53,37,7,2
53,7,9,6
53,30,8,3
53,27,4,5
53,9,8,5
53,18,1,3
53,0,5,4
53,47,3,4
53,43,3,3
53,32,1,3
53,13,4,4
53,29,3,3
53,8,1,6
53,16,7,4
53,40,3,6
53,14,6,4
53,45,9,8
53,1,5,6
53,33,13,2
53,46,2,3
53,2,2,6
53,10,3,8
54,8,1,7
54,2,2,6
54,42,3,2
54,41,3,5
54,16,7,5
54,34,4,3
54,33,13,2
54,27,4,5
54,37,7,2
54,6,1,6
54,47,3,4
54,15,6,3
54,43,4,3
54,22,2,2
54,4,5,3
54,49,4,9
54,45,9,8
54,19,5,3
54,39,10,4
54,17,2,2
54,29,3,3
54,38,4,4
54,9,8,5
54,36,0,8
54,1,5,7
54,21,6,10
54,20,5,4
54,48,5,3
54,10,3,8
54,31,6,9
54,13,4,4
54,7,9,6
54,28,6,5
54,23,7,9
54,44,3,4
54,5,2,7
54,26,4,3
54,0,5,4
54,25,12,4
54,46,2,4
54,30,8,3
54,14,6,4
54,40,3,6
54,18,1,4
54,24,7,3
54,12,4,3
54,32,1,3
54,3,5,7
54,11,1,1
54,35,8,9
55,36,0,8
55,34,4,3
55,27,4,5
55,29,3,3
55,24,7,3
55,1,5,7
55,44,3,4
55,45,9,8
55,6,1,6
55,4,5,3
55,31,6,9
55,23,7,9
55,46,2,4
55,3,5,7
55,20,5,4
55,32,1,3
55,9,8,5
55,12,4,3
55,2,2,6
55,35,8,9
55,14,6,4
55,17,2,2
55,37,7,2
55,48,5,3
55,13,4,4
55,11,1,1
55,22,2,2
55,30,8,3
55,19,5,3
55,28,6,5
55,18,1,4
55,41,3,5
55,15,6,3
55,47,3,4
55,43,4,3
55,10,3,8
55,49,4,9
55,42,3,2
55,21,6,10
55,5,2,7
55,33,13,2
55,39,10,4
55,16,7,5
55,26,4,3
55,0,5,4
55,40,3,6
55,38,4,4
55,8,1,7
55,7,9,6
55,25,12,4
56,4,5,3
56,11,1,1
56,24,7,4
56,9,8,5
56,14,6,4
56,6,1,6
56,35,8,9
56,30,8,3
56,40,3,6
56,3,5,8
56,15,6,3
56,31,6,9
56,1,5,7
56,13,4,4
56,16,7,5
56,25,12,4
56,49,4,9
56,20,5,4
56,10,3,8
56,44,3,4
56,33,13,2
56,43,4,3
56,45,9,8
56,27,4,5
56,19,5,3
56,46,2,4
56,41,3,5
56,42,3,2
56,17,2,2
56,21,6,10
56,22,2,2
56,36,0,8
56,0,5,4
56,23,7,9
56,28,6,5
56,32,1,3
56,8,1,7
56,12,4,3
56,39,10,4
56,18,2,4
56,26,4,3
56,37,7,2
56,34,4,3
56,47,4,4
56,38,4,4
56,48,5,3
56,7,9,6
56,2,2,6
56,5,2,7
56,29,3,3
57,30,8,3
57,28,6,5
57,26,4,3
57,14,6,4
57,47,5,4
57,42,3,2
57,48,5,3
57,24,7,4
57,1,5,7
57,0,5,4
57,7,9,6
57,6,2,6
57,22,2,3
57,19,5,3
57,29,3,4
57,18,2,4
57,39,10,4
57,38,4,4
57,34,4,3
57,21,6,10
57,8,1,7
57,31,6,9
57,35,8,9
57,49,4,9
57,41,3,5
57,45,9,8
57,40,3,6
57,5,2,7
57,4,5,3
57,12,5,3
57,11,1,1
57,27,4,5
57,37,7,2
57,3,5,8
57,17,2,2
57,10,3,9
57,20,5,4
57,44,3,4
57,43,4,3
57,32,1,3
57,25,12,4
57,13,4,4
57,36,0,8
57,16,8,5
57,23,7,9
57,2,2,6
57,33,13,2
57,46,2,5
57,15,6,3
57,9,8,5
58,6,2,6
58,26,4,3
58,20,5,4
58,41,4,5
58,19,6,4
58,3,5,8
58,13,4,5
58,30,8,4
58,21,6,10
58,34,4,3
58,1,5,7
58,24,7,5
58,9,8,6
58,45,9,8
58,7,9,6
58,42,3,2
58,29,3,4
58,31,6,9
58,28,6,5
58,14,6,4
58,22,2,3
58,25,12,4
58,38,4,4
58,11,1,1
58,18,2,4
58,27,4,5
58,17,2,2
58,35,8,9
58,2,2,6
58,12,5,3
58,37,8,2
58,44,3,4
58,36,0,8
58,47,5,4
58,49,4,9
58,46,2,5
58,32,1,3
58,23,7,9
58,16,8,5
58,33,14,2
58,10,4,9
58,15,6,3
58,48,5,3
58,39,10,4
58,43,4,3
58,4,5,3
58,8,1,7
58,5,2,7
58,40,3,6
58,0,5,4
59,38,4,4
59,27,4,5
59,43,4,3
59,16,8,5
59,40,3,6
59,41,4,5
59,48,5,3
59,8,1,7
59,37,8,2
59,28,6,5
59,2,2,6
59,3,6,8
59,19,6,4
59,46,2,5
59,31,6,10
59,35,8,9
59,12,5,3
59,44,3,4
59,39,10,4
59,33,14,2
59,0,5,5
59,5,2,7
59,21,6,10
59,14,6,4
59,15,6,3
59,30,9,5
59,49,4,9
59,47,5,4
59,26,4,3
59,20,5,5
59,32,1,3
59,25,12,4
59,17,2,2
59,1,6,7
59,24,7,5
59,23,7,11
59,6,2,6
59,29,3,4
59,45,9,8
59,36,0,8
59,22,3,3
59,9,9,6
59,18,2,4
59,10,4,9
59,42,3,2
59,7,9,6
59,4,5,3
59,13,5,5
59,11,1,1
59,34,4,3
60,15,7,3
60,16,8,7
60,45,9,8
60,44,3,4
60,4,5,5
60,38,5,5
60,25,12,4
60,34,4,3
60,49,4,9
60,43,4,3
60,7,9,6
60,3,7,8
60,29,3,4
60,36,0,8
60,11,2,1
60,9,9,6
60,1,6,7
60,0,5,5
60,21,6,12
60,8,1,7
60,24,8,5
60,46,3,5
60,30,9,5
60,12,5,3
60,18,2,5
60,39,10,4
60,22,3,3
60,6,2,6
60,48,6,3
60,33,14,2
60,26,4,3
60,17,3,2
60,5,2,7
60,41,4,5
60,20,5,5
60,2,2,6
60,19,6,4
60,27,4,5
60,37,9,2
60,13,5,5
60,31,6,11
60,23,7,11
60,42,3,2
60,32,1,3
60,40,3,6
60,47,5,4
60,35,8,9
60,14,7,5
60,28,6,5
60,10,4,9
61,48,6,3
61,38,5,5
61,39,10,4
61,31,6,11
61,37,9,2
61,30,9,5
61,21,6,12
61,1,6,7
61,20,5,5
61,3,8,8
61,6,2,6
61,27,4,5
61,47,5,4
61,45,9,8
61,29,3,4
61,8,1,7
61,26,4,3
61,10,4,9
61,41,4,5
61,23,7,11
61,14,7,5
61,15,7,3
61,34,4,3
61,16,8,8
61,5,2,7
61,42,3,2
61,13,5,5
61,49,4,9
61,40,3,6
61,33,14,2
61,11,2,1
61,17,3,2
61,36,0,8
61,9,9,6
61,44,3,4
61,24,8,5
61,19,6,4
61,22,3,3
61,18,2,5
61,4,5,5
61,28,6,5
61,2,2,6
61,0,5,5
61,32,1,3
61,12,5,3
61,25,12,4
61,35,8,9
61,7,9,6
61,46,3,5
61,43,4,3
62,37,9,2
62,49,4,9
62,46,3,5
62,30,9,5
62,39,10,4
62,19,6,4
62,35,8,9
62,15,7,3
62,27,4,5
62,41,4,5
62,48,6,4
62,0,5,5
62,33,14,3
62,20,5,5
62,3,8,8
62,6,2,7
62,18,2,5
62,43,4,3
62,40,3,6
62,22,3,3
62,36,0,8
62,26,4,3
62,16,8,8
62,13,5,5
62,38,6,6
62,11,2,1
62,29,3,4
62,47,5,4
62,23,7,11
62,17,3,2
62,31,6,11
62,7,9,6
62,42,3,2
62,24,8,5
62,8,1,7
62,45,9,8
62,5,3,8
62,1,7,7
62,14,8,5
62,2,3,6
62,21,6,12
62,10,5,9
62,34,4,3
62,25,12,4
62,4,5,5
62,12,5,3
62,28,6,5
62,32,1,4
62,9,9,6
62,44,3,4
63,3,8,8
63,28,6,5
63,14,8,5
63,21,6,12
63,35,8,9
63,44,4,4
63,5,3,8
63,17,3,2
63,43,4,4
63,24,8,5
63,46,3,5
63,7,9,6
63,6,2,8
63,47,5,4
63,22,4,3
63,10,5,9
63,36,0,8
63,15,7,3
63,48,6,4
63,23,7,11
63,37,9,2
63,29,3,4
63,18,3,5
63,31,6,12
63,45,9,8
63,25,12,4
63,1,7,7
63,13,5,5
63,16,8,8
63,42,4,2
63,12,5,4
63,2,3,6
63,11,2,1
63,41,4,5
63,27,4,5
63,39,10,4
63,32,1,4
63,38,6,6
63,30,9,5
63,34,4,3
63,40,3,6
63,49,4,9
63,8,1,7
63,33,15,3
63,9,9,6
63,20,5,5
63,19,6,4
63,4,5,5
63,0,5,5
63,26,4,4
64,35,8,9
64,16,8,8
64,39,10,4
64,7,9,6
64,36,0,8
64,29,3,4
64,40,3,6
64,19,6,4
64,31,6,12
64,28,6,5
64,37,9,2
64,27,4,5
64,0,5,5
64,9,10,6
64,1,7,7
64,44,4,4
64,2,3,6
64,26,4,4
64,30,9,5
64,20,5,5
64,42,4,2
64,14,8,5
64,46,3,5
64,22,4,3
64,11,3,1
64,43,4,4
64,15,7,3
64,38,6,6
64,41,4,5
64,34,4,3
64,6,2,8
64,48,6,4
64,17,3,2
64,45,9,8
64,12,5,4
64,4,5,5
64,47,5,4
64,24,8,6
64,33,15,3
64,21,6,12
64,23,7,11
64,5,3,8
64,18,3,5
64,32,2,4
64,8,1,7
64,13,5,5
64,10,5,9
64,25,12,4
64,3,8,10
64,49,4,9
65,30,9,5
65,17,3,2
65,14,8,5
65,23,7,11
65,33,15,3
65,25,12,4
65,2,3,6
65,21,6,12
65,40,3,6
65,10,5,9
65,22,4,3
65,18,3,5
65,26,4,4
65,41,4,6
65,48,6,4
65,20,5,5
65,15,7,4
65,28,6,5
65,12,5,4
65,7,10,6
65,13,5,5
65,3,8,10
65,8,1,7
65,36,0,9
65,6,2,8
65,43,4,4
65,35,8,9
65,27,4,5
65,4,5,5
65,29,3,4
65,38,6,6
65,19,6,4
65,31,6,12
65,0,5,5
65,32,2,4
65,39,11,4
65,34,4,3
65,47,5,4
65,5,3,8
65,44,4,4
65,1,7,7
65,46,3,5
65,37,9,2
65,42,4,2
65,11,3,1
65,24,8,6
65,45,9,8
65,16,8,8
65,9,10,6
65,49,5,9
66,33,15,3
66,28,6,5
66,29,3,4
66,39,11,4
66,37,9,2
66,36,0,9
66,41,4,6
66,46,3,5
66,11,3,1
66,27,4,5
66,19,6,4
66,40,3,6
66,26,4,4
66,31,6,12
66,17,3,2
66,48,6,4
66,25,12,4
66,38,6,6
66,1,7,7
66,2,3,7
66,21,6,12
66,0,5,5
66,18,3,5
66,10,5,9
66,16,8,8
66,43,4,4
66,12,5,4
66,23,7,11
66,24,8,6
66,5,3,8
66,4,5,5
66,7,10,7
66,30,9,5
66,35,8,9
66,6,2,8
66,22,4,3
66,49,5,9
66,44,4,4
66,34,4,3
66,42,4,2
66,9,10,6
66,8,1,7
66,47,5,4
66,45,9,8
66,3,8,10
66,32,2,4
66,20,6,5
66,15,7,4
66,13,5,5
66,14,9,5
67,40,3,6
67,10,5,9
67,28,6,5
67,5,3,8
67,20,6,5
67,34,4,3
67,12,6,4
67,33,16,4
67,7,10,7
67,37,9,2
67,45,9,8
67,49,5,9
67,14,9,5
67,19,6,5
67,39,11,4
67,6,2,8
67,41,4,6
67,25,13,5
67,22,4,3
67,38,6,6
67,15,8,4
67,46,3,5
67,26,4,4
67,43,4,4
67,16,8,8
67,2,3,7
67,36,0,9
67,3,8,10
67,9,10,7
67,21,6,12
67,44,4,5
67,13,5,5
67,4,6,5
67,29,3,4
67,17,3,2
67,1,7,7
67,47,5,4
67,35,8,9
67,0,5,6
67,24,8,7
67,18,3,5
67,42,5,2
67,27,4,5
67,11,3,1
67,32,3,4
67,30,9,5
67,31,6,12
67,23,7,11
67,8,1,7
67,48,6,4
68,4,6,6
68,13,5,5
68,20,6,5
68,36,0,9
68,3,8,10
68,1,8,7
68,37,10,2
68,26,4,4
68,10,5,9
68,27,4,5
68,5,3,8
68,19,6,5
68,14,9,5
68,32,3,4
68,8,1,7
68,7,10,7
68,33,17,4
68,28,7,5
68,16,8,8
68,22,4,3
68,42,6,2
68,17,3,2
68,21,6,12
68,48,6,4
68,12,7,4
68,2,3,7
68,43,4,4
68,30,9,5
68,11,3,1
68,24,8,7
68,25,14,5
68,0,5,7
68,38,6,6
68,46,4,5
68,15,9,4
68,47,5,4
68,34,4,3
68,29,3,6
68,9,10,7
68,35,8,9
68,6,2,8
68,39,11,4
68,31,6,12
68,18,3,5
68,41,4,6
68,44,4,6
68,45,9,8
68,40,3,7
68,23,7,13
68,49,5,10
69,12,7,4
69,6,2,8
69,8,1,7
69,44,5,7
69,38,7,6
69,23,7,15
69,42,7,2
69,10,5,9
69,26,5,4
69,45,9,8
69,14,9,5
69,30,9,5
69,22,4,3
69,43,4,4
69,48,6,4
69,39,12,4
69,25,14,6
69,31,6,12
69,17,3,2
69,29,3,6
69,46,5,5
69,40,3,7
69,21,7,12
69,19,6,5
69,32,3,4
69,36,0,9
69,15,9,4
69,28,7,5
69,13,5,5
69,34,4,4
69,0,5,7
69,4,6,8
69,18,3,5
69,27,4,5
69,16,8,8
69,47,6,4
69,24,8,7
69,5,3,8
69,9,10,7
69,2,3,7
69,41,5,6
69,49,5,10
69,3,8,11
69,33,17,4
69,20,6,5
69,11,3,1
69,7,10,7
69,35,8,9
69,1,8,7
69,37,11,4
70,29,3,6
70,13,5,5
70,41,6,6
70,39,13,4
70,42,7,2
70,21,7,12
70,27,4,5
70,18,3,5
70,15,9,4
70,49,5,10
70,28,8,5
70,38,7,6
70,5,3,8
70,36,0,9
70,30,9,5
70,6,2,8
70,11,3,1
70,0,5,8
70,10,5,9
70,45,9,8
70,47,6,6
70,25,14,6
70,16,8,8
70,40,3,7
70,3,8,11
70,22,4,3
70,48,6,4
70,26,5,4
70,32,3,4
70,34,4,4
70,1,8,7
70,23,7,15
70,8,1,7
70,4,6,8
70,19,6,5
70,9,10,7
70,20,6,5
70,12,7,4
70,24,8,8
70,44,6,7
70,46,5,5
70,7,10,7
70,37,11,4
70,31,6,12
70,14,9,6
70,35,8,9
70,2,3,7
70,43,4,4
70,17,3,2
70,33,18,4
71,43,4,4
71,15,9,4
71,0,6,8
71,26,5,5
71,35,9,9
71,36,0,9
71,4,7,9
71,34,4,4
71,10,5,9
71,47,6,6
71,11,3,1
71,25,15,7
71,14,9,6
71,41,6,6
71,37,12,4
71,48,6,4
71,30,9,5
71,45,9,8
71,46,5,5
71,13,5,5
71,19,6,5
71,3,8,11
71,40,4,7
71,18,3,6
71,22,4,3
71,8,1,7
71,21,7,12
71,20,6,5
71,24,8,8
71,38,7,6
71,9,10,8
71,39,13,5
71,27,4,5
71,5,3,8
71,44,6,8
71,7,10,7
71,49,5,10
71,17,3,2
71,42,7,2
71,28,8,5
71,33,18,4
71,32,3,4
71,29,3,6
71,2,3,7
71,6,2,8
71,12,7,4
71,16,8,8
71,31,6,12
71,1,8,7
71,23,8,15
72,40,4,7
72,24,8,8
72,43,4,4
72,30,9,6
72,6,2,8
72,46,5,5
72,11,3,1
72,42,7,2
72,3,8,11
72,5,3,8
72,34,5,4
72,4,7,9
72,0,6,8
72,19,7,5
72,12,7,4
72,23,8,15
72,37,12,4
72,27,4,5
72,29,3,6
72,15,10,4
72,7,10,7
72,49,5,10
72,13,5,5
72,35,9,9
72,14,9,6
72,45,9,10
72,47,6,6
72,31,6,12
72,16,9,9
72,8,1,7
72,18,3,6
72,44,6,9
72,25,15,8
72,10,5,9
72,33,18,4
72,20,6,5
72,1,9,7
72,21,7,12
72,41,6,6
72,36,0,9
72,17,3,2
72,32,4,4
72,39,13,5
72,22,5,4
72,38,7,6
72,48,6,4
72,28,8,5
72,26,5,5
72,2,3,7
72,9,11,9
73,35,9,9
73,31,7,13
73,3,8,12
73,33,18,4
73,14,9,6
73,19,7,6
73,16,9,10
73,22,5,4
73,29,3,6
73,32,4,4
73,48,6,4
73,18,3,6
73,23,9,16
73,46,5,6
73,30,9,6
73,21,7,12
73,25,15,8
73,6,2,8
73,42,7,2
73,37,13,5
73,28,9,5
73,2,3,7
73,12,7,4
73,24,8,8
73,27,5,5
73,9,12,9
73,45,9,10
73,17,4,2
73,34,6,4
73,7,10,7
73,47,6,6
73,0,6,8
73,49,5,10
73,20,6,5
73,39,14,5
73,8,1,7
73,43,4,4
73,1,9,7
73,40,4,8
73,41,6,6
73,44,6,9
73,4,7,9
73,5,3,8
73,11,3,1
73,10,5,9
73,26,5,5
73,13,5,5
73,36,1,9
73,38,7,6
73,15,10,6
74,48,6,4
74,29,3,6
74,35,9,9
74,28,9,6
74,40,4,8
74,6,2,8
74,27,5,5
74,23,9,16
74,3,8,12
74,7,10,7
74,43,4,4
74,49,5,10
74,13,5,5
74,21,7,12
74,42,7,2
74,45,9,10
74,20,7,5
74,30,9,6
74,26,5,5
74,19,7,6
74,36,1,9
74,34,6,4
74,41,6,6
74,17,4,3
74,37,13,5
74,18,3,7
74,10,5,9
74,9,12,9
74,5,3,8
74,33,18,4
74,38,7,6
74,1,9,7
74,8,1,7
74,46,5,6
74,24,8,8
74,11,3,1
74,47,6,6
74,25,15,8
74,32,4,4
74,0,6,8
74,4,7,9
74,22,5,4
74,44,7,9
74,39,14,5
74,15,11,6
74,12,7,4
74,31,7,13
74,2,3,7
74,14,9,6
74,16,9,10
75,19,7,6
75,30,9,6
75,24,8,8
75,39,14,5
75,41,6,6
75,43,4,4
75,32,4,4
75,23,9,16
75,13,5,5
75,18,3,7
75,20,7,5
75,9,12,10
75,14,10,6
75,33,18,6
75,25,16,9
75,45,10,10
75,40,4,8
75,48,6,4
75,5,3,8
75,44,7,9
75,49,5,10
75,38,7,6
75,16,9,11
75,26,5,5
75,15,11,6
75,7,10,7
75,22,5,4
75,27,5,6
75,10,5,9
75,12,7,4
75,0,7,8
75,34,7,4
75,11,3,1
75,28,9,6
75,2,3,7
75,42,8,2
75,29,3,6
75,36,1,9
75,8,1,8
75,17,4,3
75,46,5,6
75,31,7,13
75,1,9,7
75,37,13,5
75,47,7,6
75,35,9,9
75,6,2,8
75,3,8,12
75,4,7,9
75,21,7,12
76,5,3,8
76,8,1,8
76,4,7,10
76,14,10,6
76,18,3,7
76,23,9,16
76,17,4,3
76,3,8,12
76,12,7,4
76,13,5,5
76,36,1,9
76,15,11,7
76,43,4,4
76,44,7,9
76,33,18,6
76,2,3,7
76,45,10,10
76,28,9,6
76,21,7,12
76,40,4,8
76,22,5,5
76,31,7,13
76,27,5,6
76,38,7,6
76,49,5,10
76,25,16,9
76,6,2,8
76,39,15,5
76,1,10,7
76,35,9,9
76,16,9,11
76,32,4,4
76,24,8,8
76,48,6,4
76,30,9,6
76,42,8,2
76,7,10,7
76,26,5,5
76,37,13,5
76,41,6,6
76,47,7,6
76,20,7,5
76,34,7,4
76,46,5,6
76,10,5,9
76,29,3,6
76,11,3,1
76,0,7,8
76,19,8,6
76,9,12,10
77,2,3,7
77,10,5,9
77,39,15,5
77,35,9,9
77,20,7,5
77,28,9,6
77,15,11,7
77,17,5,3
77,47,7,6
77,25,16,9
77,5,3,8
77,13,5,5
77,45,10,10
77,19,8,6
77,48,6,4
77,1,10,7
77,16,9,11
77,37,13,5
77,40,4,8
77,24,8,9
77,4,7,10
77,38,7,6
77,21,7,12
77,0,7,8
77,33,18,6
77,36,1,9
77,6,2,8
77,31,7,13
77,9,12,10
77,14,10,6
77,49,5,10
77,43,4,4
77,8,1,8
77,7,10,7
77,23,9,16
77,26,5,5
77,11,3,1
77,46,5,6
77,42,8,2
77,3,8,12
77,22,5,5
77,12,7,4
77,30,9,6
77,34,7,4
77,41,6,6
77,32,4,4
77,29,3,6
77,44,7,9
77,18,3,7
77,27,5,6
78,44,7,9
78,30,9,6
78,24,9,9
78,39,15,5
78,37,13,5
78,9,12,10
78,49,5,10
78,36,1,9
78,8,1,8
78,1,10,8
78,20,7,5
78,26,5,5
78,25,16,9
78,40,5,8
78,32,4,4
78,15,11,7
78,38,8,9
78,43,5,4
78,3,9,12
78,47,7,6
78,19,8,6
78,11,3,1
78,13,5,5
78,5,3,8
78,18,3,7
78,42,8,2
78,21,7,12
78,0,7,8
78,27,5,7
78,41,7,8
78,23,9,16
78,46,5,6
78,16,9,11
78,4,7,10
78,35,9,9
78,14,10,6
78,2,3,7
78,7,10,7
78,12,7,4
78,48,6,4
78,33,18,6
78,45,10,10
78,34,7,4
78,28,9,6
78,29,3,6
78,10,5,9
78,31,7,13
78,22,6,5
78,17,5,3
78,6,2,8
79,22,6,5
79,48,6,4
79,20,7,5
79,14,10,6
79,9,12,10
79,13,5,5
79,41,8,8
79,47,7,6
79,46,5,6
79,27,6,7
79,15,11,7
79,26,5,5
79,42,8,2
79,40,5,8
79,3,9,12
79,29,3,6
79,5,3,8
79,16,9,11
79,28,9,6
79,25,16,10
79,44,7,9
79,21,7,12
79,1,11,8
79,23,9,16
79,6,2,8
79,43,5,6
79,7,10,7
79,36,1,9
79,31,7,14
79,33,18,6
79,19,8,6
79,24,9,9
79,8,1,8
79,4,7,10
79,2,3,7
79,49,5,10
79,18,4,7
79,10,5,9
79,38,8,9
79,39,15,5
79,32,4,4
79,45,10,10
79,17,5,3
79,0,7,8
79,34,7,4
79,37,13,5
79,11,3,1
79,30,9,6
79,12,7,4
79,35,9,9
80,8,1,8
80,27,6,7
80,18,4,7
80,21,7,12
80,15,11,7
80,40,6,8
80,4,8,10
80,35,9,9
80,1,11,8
80,11,3,1
80,3,9,14
80,49,5,10
80,16,9,11
80,26,5,5
80,13,6,5
80,47,7,6
80,41,9,8
80,14,10,6
80,9,12,10
80,42,8,2
80,34,7,4
80,2,3,7
80,7,10,7
80,48,6,4
80,37,13,5
80,33,18,6
80,43,5,6
80,31,7,14
80,38,8,9
80,45,10,10
80,39,15,6
80,28,9,6
80,12,7,4
80,5,3,8
80,0,7,8
80,25,16,10
80,36,1,9
80,10,5,9
80,44,8,9
80,19,8,6
80,32,4,6
80,20,7,5
80,6,2,8
80,29,3,6
80,24,9,9
80,30,9,6
80,17,5,3
80,46,5,6
80,23,9,16
80,22,6,5
81,20,7,5
81,33,18,6
81,10,5,9
81,42,8,2
81,23,9,16
81,44,9,9
81,18,4,7
81,48,6,6
81,3,9,14
81,26,5,5
81,37,13,5
81,39,16,7
81,31,7,14
81,24,9,9
81,4,9,10
81,28,9,6
81,46,5,6
81,32,5,6
81,25,16,10
81,30,9,6
81,2,3,7
81,29,3,6
81,12,7,4
81,8,2,9
81,38,8,9
81,9,12,10
81,11,3,1
81,15,11,7
81,40,6,8
81,47,7,6
81,36,1,9
81,0,7,8
81,35,9,9
81,1,11,8
81,21,7,12
81,22,6,5
81,17,6,4
81,41,10,8
81,6,2,8
81,27,6,8
81,13,6,5
81,19,8,6
81,7,10,7
81,5,3,8
81,14,10,6
81,34,7,4
81,16,9,11
81,43,5,7
81,49,5,10
81,45,10,10
82,45,10,10
82,33,18,6
82,36,1,9
82,42,8,2
82,30,9,6
82,16,9,11
82,3,9,14
82,1,11,8
82,0,7,8
82,25,16,10
82,15,11,7
82,39,16,7
82,10,5,9
82,44,9,10
82,34,7,4
82,35,9,9
82,14,10,6
82,22,6,5
82,18,4,7
82,19,8,6
82,37,13,5
82,46,5,7
82,8,2,9
82,43,5,7
82,11,3,1
82,31,7,14
82,32,6,6
82,29,3,6
82,9,12,10
82,7,10,7
82,4,9,10
82,26,5,5
82,40,7,8
82,13,6,6
82,48,6,7
82,21,8,12
82,27,6,8
82,17,7,4
82,38,8,9
82,20,7,5
82,41,10,8
82,2,3,7
82,49,5,10
82,5,3,8
82,28,9,6
82,23,9,16
82,24,9,9
82,47,7,6
82,6,2,8
82,12,7,4
83,11,3,1
83,18,4,7
83,20,7,5
83,46,5,7
83,29,3,6
83,28,9,6
83,21,8,12
83,45,10,10
83,35,10,9
83,33,18,6
83,19,8,6
83,27,6,8
83,40,7,8
83,10,5,9
83,39,16,8
83,15,11,7
83,7,11,7
83,30,9,6
83,48,6,9
83,49,5,10
83,31,7,14
83,4,9,10
83,24,10,9
83,36,1,9
83,0,7,8
83,38,8,9
83,43,5,7
83,23,9,16
83,47,7,6
83,17,7,4
83,6,2,9
83,13,6,6
83,3,9,14
83,22,7,5
83,12,7,4
83,9,12,10
83,5,3,8
83,26,5,5
83,25,16,11
83,34,7,4
83,14,10,6
83,41,11,8
83,44,9,10
83,42,8,2
83,16,9,11
83,37,13,5
83,2,3,7
83,1,11,8
83,8,2,9
83,32,6,6
84,21,8,12
84,27,6,8
84,2,3,7
84,29,4,6
84,7,11,7
84,34,7,5
84,19,8,6
84,16,9,11
84,43,5,7
84,13,6,8
84,46,5,7
84,49,5,10
84,5,4,8
84,17,7,4
84,22,7,5
84,28,9,6
84,39,17,8
84,37,13,5
84,9,12,10
84,38,8,9
84,32,7,6
84,47,7,6
84,41,11,8
84,25,16,11
84,44,9,11
84,30,9,6
84,36,1,9
84,15,11,7
84,42,8,2
84,24,10,9
84,20,7,5
84,1,11,8
84,33,18,6
84,45,10,10
84,48,6,9
84,11,3,1
84,31,7,14
84,14,10,6
84,3,9,14
84,23,9,17
84,0,7,8
84,6,2,9
84,10,5,9
84,40,7,8
84,35,11,9
84,26,5,5
84,8,2,9
84,18,4,7
84,4,9,10
84,12,7,4
85,7,11,7
85,25,16,12
85,43,5,7
85,9,12,10
85,31,7,14
85,44,9,11
85,35,11,9
85,46,5,7
85,21,8,12
85,40,7,8
85,14,10,6
85,18,4,7
85,49,5,10
85,5,5,8
85,47,7,6
85,23,9,17
85,1,11,8
85,13,6,8
85,2,3,7
85,48,6,9
85,6,2,9
85,15,11,7
85,37,13,5
85,19,8,6
85,24,10,9
85,0,7,8
85,38,9,9
85,11,3,1
85,30,9,6
85,28,9,6
85,34,7,6
85,27,6,8
85,12,7,4
85,3,9,14
85,16,9,11
85,17,7,4
85,41,11,8
85,4,9,10
85,22,7,5
85,42,8,2
85,36,1,9
85,32,8,6
85,29,4,7
85,45,10,10
85,33,18,6
85,26,5,5
85,8,2,9
85,39,17,8
85,20,7,5
85,10,5,9
86,49,5,10
86,28,9,6
86,19,8,6
86,10,5,9
86,17,7,4
86,14,10,6
86,36,1,9
86,26,5,5
86,7,11,7
86,48,6,9
86,45,10,10
86,2,4,7
86,16,9,11
86,8,2,9
86,1,11,8
86,3,9,14
86,44,9,11
86,33,18,7
86,18,4,7
86,47,7,6
86,20,7,5
86,24,10,9
86,41,11,8
86,4,9,10
86,37,13,5
86,38,9,9
86,6,3,10
86,46,5,7
86,27,6,8
86,0,8,8
86,35,11,9
86,40,7,8
86,11,3,1
86,29,4,7
86,5,5,8
86,23,9,17
86,25,16,12
86,22,7,6
86,42,8,2
86,9,12,10
86,43,5,7
86,15,11,7
86,12,8,5
86,34,7,6
86,39,17,8
86,31,7,14
86,30,9,6
86,13,6,8
86,32,8,6
86,21,8,12
87,20,7,5
87,25,16,12
87,31,7,14
87,28,10,6
87,27,6,8
87,13,6,8
87,37,13,6
87,22,7,6
87,21,8,12
87,1,11,8
87,43,5,7
87,48,6,9
87,26,5,5
87,18,4,7
87,23,9,17
87,11,3,1
87,41,11,8
87,30,9,6
87,39,17,8
87,0,8,8
87,38,9,9
87,9,12,10
87,4,9,10
87,5,5,8
87,29,4,7
87,10,5,9
87,46,5,7
87,34,7,6
87,7,11,7
87,36,1,9
87,49,5,10
87,14,10,6
87,17,7,4
87,6,3,10
87,12,8,5
87,16,9,11
87,40,7,8
87,35,11,9
87,24,10,9
87,19,8,6
87,47,7,6
87,33,18,7
87,3,9,14
87,42,8,2
87,32,8,6
87,2,4,7
87,44,9,11
87,45,10,10
87,8,2,9
87,15,11,7
88,41,11,8
88,37,13,6
88,13,6,8
88,16,9,11
88,34,7,7
88,3,9,14
88,6,3,10
88,23,9,17
88,15,11,7
88,42,8,2
88,27,6,8
88,0,8,8
88,36,1,9
88,43,5,7
88,49,5,11
88,39,17,8
88,22,7,6
88,24,11,9
88,5,5,8
88,35,11,9
88,14,10,6
88,2,4,7
88,30,10,6
88,45,10,10
88,29,4,7
88,25,16,12
88,19,8,6
88,47,7,6
88,4,9,10
88,21,8,12
88,40,7,8
88,28,10,6
88,10,5,9
88,33,18,7
88,18,4,7
88,46,5,7
88,26,5,5
88,7,11,7
88,31,7,14
88,12,8,5
88,11,4,1
88,48,6,9
88,17,7,4
88,20,7,5
88,44,9,12
88,9,12,10
88,38,9,9
88,32,8,6
88,8,2,9
88,1,11,8
89,3,9,14
89,21,8,13
89,36,2,9
89,31,7,14
89,5,5,8
89,44,9,12
89,24,11,9
89,47,7,6
89,33,18,7
89,0,8,8
89,10,5,9
89,20,7,5
89,37,13,7
89,19,8,6
89,12,8,5
89,1,11,8
89,16,9,11
89,25,17,12
89,14,11,6
89,40,7,8
89,34,7,7
89,42,8,2
89,30,10,6
89,7,11,7
89,28,11,6
89,35,11,9
89,38,9,9
89,13,6,9
89,32,8,6
89,46,5,7
89,41,11,8
89,6,3,10
89,49,5,12
89,2,4,7
89,39,17,8
89,17,7,4
89,43,5,7
89,27,6,8
89,48,6,9
89,22,7,6
89,45,10,10
89,4,9,10
89,9,12,10
89,11,4,1
89,23,9,17
89,15,11,7
89,18,4,7
89,26,5,5
89,8,2,9
89,29,4,7
90,32,8,6
90,6,3,10
90,4,9,10
90,37,13,7
90,12,8,5
90,43,5,7
90,40,7,8
90,8,2,9
90,5,5,8
90,41,11,8
90,42,8,2
90,1,11,8
90,16,9,11
90,2,4,7
90,21,8,13
90,46,5,7
90,10,6,9
90,20,7,5
90,49,5,12
90,33,18,7
90,30,10,6
90,31,7,14
90,24,11,9
90,36,2,9
90,28,11,6
90,19,8,6
90,26,5,5
90,3,9,14
90,44,9,12
90,45,10,10
90,0,8,8
90,22,7,6
90,34,7,7
90,23,9,17
90,18,4,7
90,47,7,6
90,35,11,9
90,9,12,10
90,25,17,12
90,39,17,8
90,17,7,4
90,7,12,8
90,27,6,8
90,14,11,6
90,13,6,9
90,48,6,9
90,29,4,8
90,11,4,1
90,38,9,9
90,15,11,7
91,17,7,4
91,16,9,11
91,22,7,6
91,25,17,12
91,3,9,14
91,26,5,5
91,34,7,7
91,43,5,7
91,6,3,10
91,30,10,6
91,15,11,7
91,44,9,12
91,2,4,7
91,49,5,12
91,31,7,14
91,23,9,18
91,32,8,6
91,5,5,9
91,35,11,9
91,41,11,8
91,0,8,8
91,38,9,9
91,45,10,10
91,4,9,10
91,47,7,6
91,20,7,6
91,21,8,13
91,28,11,6
91,27,6,8
91,11,4,1
91,18,4,7
91,1,11,8
91,13,6,9
91,48,6,9
91,8,2,9
91,10,7,9
91,37,13,7
91,24,12,9
91,33,18,7
91,19,8,6
91,14,11,6
91,7,12,8
91,46,6,7
91,29,5,8
91,9,12,11
91,12,8,5
91,39,17,8
91,40,7,8
91,42,9,3
91,36,2,9
92,35,11,9
92,7,13,9
92,38,10,9
92,16,9,11
92,28,11,6
92,31,7,14
92,5,6,9
92,17,7,4
92,20,7,7
92,48,6,9
92,34,7,7
92,29,5,8
92,23,9,18
92,6,3,10
92,27,6,8
92,3,9,14
92,41,11,8
92,15,11,7
92,43,5,8
92,37,13,7
92,8,2,9
92,47,7,6
92,26,5,5
92,24,12,9
92,22,7,6
92,33,18,7
92,18,5,8
92,11,4,1
92,25,17,12
92,21,8,13
92,44,10,12
92,45,10,10
92,39,17,8
92,36,2,9
92,14,11,7
92,49,5,12
92,4,9,10
92,19,8,6
92,32,8,6
92,13,6,9
92,46,6,7
92,2,4,7
92,42,9,3
92,0,8,8
92,40,7,8
92,9,12,11
92,12,8,5
92,10,7,9
92,1,11,8
92,30,10,6
93,10,7,9
93,14,11,7
93,48,6,9
93,44,10,12
93,18,5,8
93,33,18,7
93,4,9,10
93,29,5,8
93,47,8,6
93,28,11,6
93,0,8,9
93,39,17,9
93,19,8,6
93,22,7,6
93,42,10,3
93,35,11,10
93,25,17,12
93,15,11,7
93,1,11,8
93,2,4,7
93,9,12,11
93,46,7,7
93,45,10,10
93,11,4,1
93,7,13,10
93,49,5,12
93,20,7,7
93,26,5,5
93,13,6,9
93,43,5,8
93,12,8,5
93,34,7,7
93,37,13,7
93,5,6,9
93,38,10,9
93,21,8,13
93,32,8,7
93,36,2,9
93,30,10,6
93,17,7,4
93,24,13,9
93,23,9,18
93,27,6,8
93,3,9,14
93,41,11,8
93,40,7,8
93,31,8,14
93,6,3,10
93,8,2,9
93,16,9,11
94,3,9,14
94,37,13,7
94,6,3,10
94,18,5,8
94,22,7,6
94,31,8,14
94,47,8,6
94,42,10,3
94,12,8,5
94,32,8,7
94,7,13,10
94,5,6,9
94,20,7,7
94,21,8,13
94,10,7,9
94,28,11,6
94,38,10,9
94,39,17,9
94,16,9,11
94,35,11,10
94,41,11,8
94,46,7,7
94,2,4,7
94,25,17,12
94,15,11,7
94,17,7,4
94,36,2,9
94,30,10,7
94,29,5,8
94,14,11,7
94,49,5,12
94,27,6,8
94,9,12,11
94,26,5,5
94,23,9,18
94,19,8,6
94,33,18,7
94,11,4,1
94,34,7,7
94,24,13,9
94,0,9,9
94,43,5,8
94,45,10,10
94,4,9,10
94,48,6,9
94,40,7,8
94,8,2,9
94,1,11,8
94,13,6,9
94,44,10,12
95,18,5,8
95,32,8,7
95,12,8,5
95,49,5,12
95,35,11,10
95,24,13,9
95,41,11,9
95,9,12,11
95,6,3,10
95,26,5,5
95,45,10,10
95,43,5,8
95,31,8,14
95,46,7,7
95,15,11,7
95,11,5,1
95,8,2,9
95,28,11,6
95,5,6,9
95,42,10,3
95,48,6,9
95,19,8,6
95,25,18,13
95,36,3,10
95,27,6,9
95,17,7,4
95,2,4,7
95,47,8,6
95,37,13,7
95,4,9,10
95,39,17,9
95,38,10,9
95,1,11,8
95,13,7,10
95,40,7,8
95,23,9,18
95,34,7,7
95,7,13,10
95,14,11,7
95,29,5,8
95,21,8,13
95,3,9,14
95,44,10,12
95,10,7,9
95,16,10,11
95,0,9,9
95,30,10,7
95,33,18,7
95,20,7,7
95,22,7,6
96,31,8,14
96,46,7,7
96,34,7,7
96,1,11,8
96,39,17,9
96,19,8,6
96,4,9,10
96,48,6,11
96,36,3,11
96,17,7,4
96,2,4,7
96,20,7,7
96,5,6,9
96,13,7,10
96,29,5,8
96,6,4,10
96,44,10,12
96,10,7,9
96,30,11,7
96,28,11,6
96,16,10,11
96,33,18,8
96,21,8,13
96,41,11,9
96,3,9,15
96,27,6,9
96,22,8,6
96,45,10,10
96,12,8,5
96,26,5,5
96,40,7,8
96,8,2,9
96,35,11,10
96,15,11,7
96,32,8,7
96,9,13,11
96,24,13,9
96,23,9,18
96,38,11,10
96,37,13,8
96,47,8,6
96,11,5,1
96,0,10,9
96,43,5,8
96,18,5,8
96,49,6,12
96,42,10,3
96,25,18,13
96,7,13,10
96,14,11,7
97,48,6,12
97,19,8,6
97,13,7,10
97,40,7,8
97,3,9,16
97,26,5,5
97,35,11,10
97,18,5,8
97,23,9,19
97,38,11,10
97,46,7,7
97,29,5,8
97,17,7,4
97,16,10,11
97,24,13,9
97,6,4,10
97,11,6,1
97,37,13,8
97,42,10,3
97,36,3,11
97,7,13,10
97,44,10,12
97,30,11,7
97,4,9,10
97,32,8,7
97,1,11,8
97,41,11,10
97,45,10,11
97,14,12,8
97,2,4,7
97,15,12,7
97,0,10,9
97,47,8,6
97,22,8,6
97,27,6,9
97,43,6,8
97,8,2,9
97,25,18,13
97,34,8,7
97,28,11,6
97,9,13,11
97,12,8,6
97,31,9,14
97,21,8,13
97,20,7,7
97,39,18,10
97,10,7,9
97,33,18,8
97,5,6,9
97,49,7,12
98,33,18,8
98,36,3,11
98,10,7,9
98,22,8,6
98,24,13,9
98,7,13,10
98,12,8,6
98,6,4,10
98,38,11,10
98,35,11,10
98,3,9,16
98,47,9,6
98,40,7,8
98,5,6,10
98,34,8,7
98,21,8,13
98,31,9,14
98,27,6,10
98,25,18,13
98,32,8,7
98,0,10,10
98,44,10,12
98,19,8,6
98,4,9,10
98,49,7,12
98,37,13,8
98,45,10,11
98,20,8,7
98,26,5,5
98,8,2,9
98,39,18,11
98,15,12,7
98,17,7,4
98,11,6,1
98,42,10,3
98,41,11,10
98,48,6,12
98,1,12,8
98,9,13,11
98,18,5,8
98,2,4,7
98,23,9,19
98,30,11,7
98,14,12,8
98,13,8,10
98,28,11,6
98,46,7,7
98,16,10,11
98,29,5,8
98,43,6,8
99,24,13,9
99,22,8,6
99,25,18,13
99,40,7,8
99,6,4,10
99,42,10,3
99,13,8,10
99,47,10,6
99,36,3,11
99,37,13,8
99,16,10,11
99,35,11,10
99,33,18,8
99,7,13,10
99,28,11,7
99,18,5,8
99,9,13,12
99,26,6,5
99,4,9,10
99,10,7,9
99,45,10,11
99,11,6,1
99,21,8,13
99,14,12,8
99,29,5,8
99,0,10,10
99,32,8,7
99,20,8,7
99,48,6,12
99,1,12,8
99,2,4,7
99,31,9,14
99,8,2,9
99,43,6,8
99,15,13,7
99,39,18,11
99,23,9,19
99,17,7,4
99,27,6,10
99,38,11,10
99,12,8,6
99,49,7,12
99,41,11,10
99,44,10,12
99,34,8,7
99,3,9,16
99,19,8,6
99,30,11,7
99,46,7,7
99,5,6,11
100,31,9,14
100,34,8,7
100,27,6,10
100,7,13,10
100,43,6,8
100,20,8,7
100,28,11,7
100,6,4,10
100,30,11,7
100,19,8,6
100,8,2,9
100,11,6,1
100,22,8,6
100,32,8,7
100,4,9,10
100,39,18,11
100,21,8,13
100,40,7,8
100,16,10,11
100,49,8,12
100,3,9,16
100,5,6,11
100,47,10,6
100,26,6,5
100,10,7,9
100,45,10,11
100,13,8,10
100,38,11,10
100,42,10,3
100,46,7,7
100,2,4,7
100,35,11,10
100,37,13,8
100,29,5,8
100,44,10,12
100,17,7,4
100,24,13,9
100,36,3,12
100,0,10,11
100,15,13,7
100,48,6,12
100,23,9,19
100,41,11,10
100,25,19,13
100,18,5,8
100,9,13,12
100,14,12,8
100,1,12,8
100,12,8,6
100,33,18,8
